author,user,comment_score,comment,Score
AutoModerator,FannyPackPhantom,2,Give us the deets,3
MortalDanger00,hauscal,53,"Yesterday me: I'll wait for the dip
Today me: THERE'S NOT GOING TO BE A DIP sweats",2
CorrosiveRose,switch495,37,this gif would have been better as the original scene and not mixed with the bushes,3
KitrosReddit,SoyFuturesTrader,246,"Its ok the naysayers will say a $20B third world Soviet refugee that made his $20B by building software around trading *doesnt understand* or some stupid bullshit 

$20B Tommy said GME almost buttfucked the capital markets. Twice, on national TV.

Tommy emigrated from Hungary to the US in 1965 - spending 26 years under communist soviet rule. I think he knows what hes talking about if he goes from communist refugee to $20B",2
jadedowl98,chaunm11,1,Welcome to WSB,3
ComptiaA,Disguised,2,"I guarantee no further thought went into it for 50,000 OPs, next week is going to be awful around here =",2
President_Wolfe,BannedAgain2020,1,How can Institutions hold 206% of the shares?  I don't understand.,2
OPINION_IS_UNPOPULAR,AusRtrd,9,The ones that start with A,3
budlightguy,BL3Alt,14,It hasnt released Im pretty sure,3
NoahBLB,ISayAboot,1,Lol,3
bnash972,Iblueddit,2,Bumble sucks and Facebook dating is exclusively populated by trolls who like JUST crawled out from under a bridge.,2
mattseg,m1ghtymuffin,2,I miss seeing <=;. Thats all,3
AutoModerator,nordmys,2,fuck I'm gonna have to rewatch this show,3
Wilcoo1,WeirdYear2020,2,Thanks for the pep talk :),4
leehant,WatAb0utB0b,7,"$3,300 per share makes it the most valuable company, by market cap, in the world. Since GameStop usually pays you about 10% of the value of your used game I predict a stock price of $33,000.",3
betts7,estefierote,1,"He couldve set a limit, if robinhood has 1billon to cover only allow users to deposit up to 1 billion. Isnt that why it takes time for your deposits to go through. Paying for gold status gives you instant deposits so in other words your deposit gets ahead of the line and you might be part of the 1 billion they have. Same thing is supposed to happen with banks. People let the bank take care of their money so technically there should only be the amount the people deposit maybe a little extra for the fees. So if people need to take it out it should be there, right? Errr great depression showed us otherwise and what happenes to all that money poof gone people died, suicides, people killed each other to survive while the rich stayed safe with all the money they stole.",1
PackageDelivered,PackageDelivered,5,"I'm not sure what experience trading you have. In the last year or two, its been really easy to buy meme stonks, wait, and collect 25%+. If I had to talk to myself before I began trading, I would say, ""Invest regularly even if the market as a whole is going down. Invest in things you know about. Primarily buy shares. Gamble with on options with money you can lose. Lose several times before you actually gamble on something big so you know the consequences. Learn as you go."". I say all of this from a very biased perspective. I've been lucky and I realize that too.

So if you want to get in, I'd say go for it. start small. If this moons on Tuesday, I'll look for other opportunities. If it doesn't. I'll wait a few days and hold a long term position.",4
glassedphenoix,Independent-Novel840,1,"no joke, too broke to buy an award, but if you end up at the shelter, send me a fwding address and I'll send you a blanket .... maybe some Lipton soup .... they still make that??",3
Reaper0603,Reaper0603,2,same here. Will be adding more into this and OPEN.,3
NeedTP4MyBunghole,MKLDIA,7,Wow!,3
thispersonedits,UltraCarnivore,43,Good Abominable Intelligence,1
PlunderNutz,TulsaGrassFire,1,MU will sucker you in.  It usually has a PE of about 6.,2
HomoSapien-sa,The-Crazed-Crusader,2,Gates is the same age as my father but he knows more about science than this whole thread. That's what counts.,2
misium500,XxpapiXx69,8,"You should probably sell puts, because they are likely going to keep the price up for a while at least. Also if you were going to buy 10k shares at this price, you could easily collect quite a bit of credit and start to scale into a much larger position.",3
marquez_lbc,prex10,6,"I hope its GE. If so, yall make the best engines

If youre PW. Get your shit together",2
jkingcrow21,youngthrowawayold,1,This is actually the way,3
Blink_Bull,Fatherbiff,5,"Good luck man. Your more bullish than I am on the recovery timeline.  Ill wait to see how the new variants spread and confirmation the vaccine works on them.  We have the UK and Afrikan variants in Canada, and their kicking ass... we could be looking at 1st wave all over again.",1
Stockgandu,socalslamma,1,MY BOY IS BECOMING A MAN,3
DudeInBack,wallstreetbetch,5,Yerp!,3
drhalxx,YakkoWarnerPR,8,"Seems very retarded.   


I like it  


Will send loss porn later.",2
fr0st2k,fonzy541,1,It's a $3k total return. Are you really bragging about that?,2
justscrollingbi,TheApricotCavalier,2,"Its so outrageous no1 will believe it. Everyone you go to will just say its a crazy conspiracy theory, the market cant fail, etc. etc.",2
AutoModerator,imsoepicxd,4,plz take me back to august. aapl and msft are legit boomer stocks now,2
Hardo_tendies,devm3,3,I wouldn't be worried about CRSR tbh. Can't say the same for PLTR though.,2
jonathant4563,Paraflaxis,1,"Can you tell this damn stock to recover like all the rest of the other cannastocks?

Bought calls at the dip just before market crashed and it's looking like a wounded animal compared to the rest",2
Bombxing,LordJan05,1,Wow,2
OPINION_IS_UNPOPULAR,IndianChief69,3,"There option expiring every week.  By your argues,  it will never break out of $40 side there's options every week",2
jonhamwater,DumbPos,1,Mac and me my childhood,3
empty_stack_engineer,empty_stack_engineer,11,Market in the past few months is the opposite I think,2
kahn_noble,kahn_noble,25,"MAAAAAAN, Ive been telling my friends about this. Shut up and TAKE my retarded money!  $SIMP",3
cyrilcm,Helixellfire,1,I'm at -52%,2
ell674,WizardT88,1,Just flip it upside down.,2
Winnal,AllFine,2,"This is perfect. I think this is relevant in most countries, not just US.",3
pdwp90,SiLv3rShArK92,1,APHA SINCE SWEETWATER ACQUISITION TO THE GREEN MOON BOIS =¬®<2<z<=‚Ç¨,3
FluxRevived,covidbovid,3,Look at the start of the year.,2
BloxSlot,conderhoschi,14,I do motion design and this had to be a fuckton of work! Very nice!,4
N0DAMNG00D,ChumleyEX,34,Ok share your research.,2
redditkulous,CrayolaS7,1,"Yeah, no shit Wall St hedgies are corrupt, they acted criminally leading up to 2008 too.

Well maybe we prosecute them?

Ha, good luck with that!",2
rikythekid505,AutoModerator,2,"Reddit has a new paid team called **Anti-Evil Operations** which goes around permanently banning accounts for saying bad words. We made automod block them so you don't lose your account for saying a word and getting reported. It's not our rule, it's the entire website now, we're just trying to look out for our people. Sorry.

*I am a bot, and this action was performed automatically. Please [contact the moderators of this subreddit](/message/compose/?to=/r/wallstreetbets) if you have any questions or concerns.*",3
PickleFricker,Y0STER,3,"15 hedge fund earners made $23 billion off you guys. After the dust settled, you guys thought retail investors would crush them.",2
Mycatiskoolerthanyou,Mycatiskoolerthanyou,1,"I mean, I'm buying stock next week too and these where really cheap so it's pretty worth it if it works out. If not I've learned stuff.",3
ZeusThunder369,EnderSword,47,"Uh... Yeah.

The one word you're not hearing in any of these discussions is 'Concentration'

There's pre-existing rules and limits in place that govern not only margin, but how much of a person or firm's risk can be concentrated into one thing.

When you had a little company like Robinhood show up not only looking to max out their capital position but put like 80% of it into one stock trading 1000% above its all time high... would you lend them like $5 billion? Even for 1 night?  


Their error in my opinion was not explaining this when they did it, and also pulling the trigger all at once.   


There's a series of steps they should have put in to place, like going from 30% to 50% to 100% margin requirements smoothly instead of a firm halt.",3
mamagaye,oscurotek,1,Roku TVs are fucking amazing. As someone who has literally used every internet tv provider and service option I can tell you leaving Roku will be difficult. I have been entertaining google tv lately because the new model is great but I always fear they will take a dive in partners. Roku has been a solid service.,3
lookshee,OlderAndAngrier,4,Yeah I got tapes too. Pretty cool stuff. 4k is good nowadays.,3
crs18,HookEmNation,87,"This. Is. Incredible.
Congratulations, I officially knight you, King Retard.",1
jmantikhoras,sirimaden,57,"Jim Cramer is really afraid for his media gig. Soon people will switch from watching ""Mad Money"" to the ""Roaring Kitty"" youtube channel.",3
pdwp90,Inquiring_mind001,67,I bet 100% of the time TD was mentioned it was in reference to the brokerage and not the stock lol,3
OPINION_IS_UNPOPULAR,lagoon_gavoon49,6,Big if true,3
Professor_Dr_Dr,SeanFromATL,3,I'm 26 and I also don't know the song.... I can tell its an eminem song by the comments but I couldnt tell you which one or how it goes,3
nosehairshaver,samwang22,8,44 shares at $22 >!=‚Ç¨,3
lookshee,Key_Ad_1683,1,Go join a HF if you wanna do that shit,2
npiterman,JonFrost,4,"I'm retarded so take some grains >√Ç

But given the lockup period ends on March 21, and that the stock price nearly tripled since IPO, I think it will be very enticing for insiders who were locked and saw their fortunes triple to sell a bit.",2
Minimum-Watercress-8,nanmart,3,"I dont think either DD situation is the low hanging fruit PLTR is addressing.

Clients are no longer married to one corporate law firm. And cost is on everyones mind.

Imagine a BigLaw client wants to know if UK issuers bonds can be sold in EU country A. A few days later they ask about country B. Then C. Client looks at the 3 bills and wonders at what point they are paying BigLaw to reinvent the wheel with each new EU jurisdiction they request.

Enter PLTR. The analysis of UK issuers debt in countries A/B/C is now at the fingertips of everyone. Depending on how the question is researched, its possible the answer to countries D/E/F/G etc. are now immediately known.

Now the seismic shift can happen, where this BigLaw firm can reach out to potential UK clients and say if your considering a debt offering, our PLTR tool can instantly navigate all the various regulations in the different EU members.

BigLaw has shifted from *responding* to proactively advising. Thats the foot-in-the door BigLaw needs to cross sell other practice groups.",3
ttwbb,ttwbb,-2,"Yes, yes. You gtfo with your low effort my boi.",2
yotta_T100,Excalibur-23,1,What the fuck is the fupr?,2
OPINION_IS_UNPOPULAR,Newton83,9,Lmao...I guess he belongs here,2
LKT1CTAC,Machopolecat953,3,Sounds like a little bitch behind this computer keyboard. Whining and crying over what people post. Get the fuck over it it's gonna continue to happen and you are gonna continue to bitch about it.,1
dmc1l,Smokemaster_5000,26,"Funny how the dumb amateurs were winning so hard that the smart experienced institutions had to flip the board and cheat to get out of losing because of their ""smart"" choices.",3
Turtlesaur,Super-IBS-Man,1,"Nuclear waste is also being experimented with in order to reuse the waste as an energy supply before eventually sending it off to break down over hundreds of years. It would dramatically change the way we handle nuclear waste, providing crazy amounts of clean energy (emission-wise) that would otherwise be tossed into the earth first. They can turn the waste into little pellets that produce massive amounts of electricity in certain reactions. The biggest challenge is making it completely safe and useable on a large scale",3
Craneteam,Lukee1231,2,Live by the sword or die by the sword!!! =‚Ç¨=‚Ç¨=‚Ç¨,2
MotorizedDoucheCanoe,fn_deft,12,WHY PAY MONEY FOR A ROLLERCOASTER RIDE AT A THEME PARK WHEN U CAN DO THIS SHIT IN THE COMFORT OF YOUR OWN HOME,3
AIwaysLearning,StonkGoUp,2,"Lmao seriously Qualcomm will recover, its up 68% this year. Crazy what a bull market will do to a mf",3
GodlessGreat,Keoni989,2,So Fidelity is what everyone is leaving Robinhood for? I hear lots of complaints about their app. Why Fidelity??,3
NitrousXpress,jorgosas,3,I don't think the boost will be that much lol we'll be lucky if it hits $13,3
Which_Stable4699,Ilovepoopies,22,The report is updated and shows 78.46 for SI. If you still see 200+ is because your browser is using cached information. Open the finra link on an actual browser and refresh. Do not open using Reddit in app browser.,3
Kwahn,hashtagphuck,3,Drocket Dmoon,3
Wilcoo1,LoIIip0p,9,Such a good song (Shook ones Pt. II for the uninitiated),3
punkfiveo,red_simplex,8,Who said you're supposed to understand them?,3
dethmstr,robertleeblairjr,2,And dont call me surely!,3
OPINION_IS_UNPOPULAR,rawnaldo,1,any moves todayt?,3
Pouyaaaa,snowcdp,16,Yes or No,2
DerivativeIntegral,HiroProtagonst,2,Art,3
OPINION_IS_UNPOPULAR,Curr0980,37,GME - I'm jacked to the tits!,3
0lamegamer0,backmost,2,They went full retard,2
AutoModerator,Hubers57,5,"&gt;Mine is a lesson that my training is worthless when I ally with my fellow autists.

&gt;So 1.5k isnt a bad entry fee to a possible lifetime of brothertardhood. At least til we can short Reddit

We're not your brothers dammit",1
llenders97,gcompany22,3,Oh no..,2
dumbledoreRothIRA,MontyAtWork,20,"When individuals who lost a couple hundred on GME post here this sub be like:

""You fucking donkey.""

When one dude who lost more than every other GME loss porn combined posts this sub be like:

""Oh dear, oh my. Get this man a Mod position""",2
JadedKnight1,VaginalFluids,1,"I have to seriously agree about a job being a stabilizer, and just keeping you sane. I used to work multiple jobs as much as possible, restaurants / sales etc. Im 30 now, Ive made some money with poker in the last 4 years and invested much of it over a year ago. Been very fortunate with said investment (not stocks) but I dont do shit with most of my time now. Its depressing. And yes Im looking for a job but its hard to do something basic when the income is kind of not worth it to me at this point. 

So yes. Stay fn busy, however you can.",1
CorrosiveRose,Piggywhiff,219,Bruh.,2
lucianhasmykfc,Osoguineapig,0,Delete robinhood,2
maz-o,brianlstc,0,Cap,2
AsianBond,ionmeeler,2,"When did this sub get all political. Not the post, but some of the comments...not what I come here for.",2
MotorizedDoucheCanoe,ChanzyChan,1,alexa play despacito,3
qwlow,Zhalorous,1,Good play. Gtfo Robinhood,3
FI_Disciple,rabbitfool7520,8,All it takes is for 6 million apes to buy one share at the same time and the stock goes =‚Ç¨=‚Ç¨=‚Ç¨. Then these 6 million apes keep buying one share every minute for about 10-15 mins and you will see the <<,1
HodorNoMoreHodoring,reddittiswierd,3,!remindme 6 months,3
Desperate_Slide,Quiet-Mission-3107,4,minecraft was arguably for toddlers as well. we all know how that went.,2
lucianhasmykfc,Oddsnotinyourfavor,4,"Good, now transfer your shares out of robinhood to an actual brokerage",3
StimulAss69,pedroovoxo,18,this is why i pay for internet,3
AutoModerator,Darkbyte,2,It has double  strength now that it's pegged-ish (where my hetero bois at ayy) to shitcorn so maybe that cancels each other out?,3
jacored,eazolan,10,"Will you stop masturbating while I'm asking you questions, yes or no?",3
munchmacooch,literallymoist,1,"Hadn't thought of that aspect, just seems like a slam dunk to help the wildly popular USPS, move toward their stated green energy goals, and buy American with their fleet choice.",3
MotorizedDoucheCanoe,Asdn1220,17,If this ends up -20% Ill lose my mind,2
moonski,Davided40,-10,"Exactly, they cant admit they fucked up and move on to better trades",2
quantize_me,Hopperj6,2,We got an email from our bank stating that duplicate charges have occurred and they are working on getting them removed. The email said that it was due to a provider in Texas that had a power outage and the duplicates happened when they came back online.,3
SPIRE55,Neowwwwww,3,Clearly not. Calls only go up,2
tsbsa,tsbsa,47,"That's the hope, at least!

Day 7/10 of staying above $1.00.

Thatll be great for them! And us!",3
cryptodims,FormalWath,407,"That's not the right question. It's perfectly normal to short over 100% of shares, I simpky can borrow the same share twice. I can borrow share from person A and sell it to person B, then I can borrow it from B and sell it to person C. That would result in 200% shares shorted and two people claiming ownership of the same share.

The real question you should be asking is why didn't IB and other brokers margin call all the shorters? And if they didn't why the fuck are they allowed to change the rules to make sure they are not holding largest bag of human shit in history?",2
ancientaddict,climberboy2000,1,Im in for the long run. Good company and great product. A year from now we will be laughing all the way to the bank. ![img](emote|wsb_emojis|bull),4
snx41,WhatsThatNoize,19,"I can imagine a small fish like Robinhood having issues (though I'm not 100% convinced yet), but why did major players have these same liquidity issues?

Something doesn't add up.",2
Ripclawe,Rrrrandle,8,Now go apologize to the nice man who helped you figure out where you really were.,3
Ok_Avocado_7576,Mysterious_House5796,7,OshKosh partners with Ford had 6 billion in debt to government loan. There's your connection.  We'll  make the trucks you forgive the debt.,3
GamingWithAz,steezbot69,1,Help yourself to a fuckin book nerd,1
avl0,hypestuff_,2,Lets go #PLTR=‚Ç¨=‚Ç¨=‚Ç¨,3
InVideo_,Flrg808,7,"Right, because Robinhood came and absolutely fucked up the industry with their new model. They had no choice if they were to continue appealing to anyone under 50.

Whether you like them or not WSB wouldnt be 1/20th of what it is and GME wouldve never happened if it wasnt for Robinhood.",2
KitrosReddit,Oxianas,0,"I don't know if it was him, but that was my first thought. If it is, my best guess is that he sees an opportunity to generate momentum and then dump. I don't interpret it as a strong indication that he thinks a retail company with negative earnings is worth this price.",2
Saint_of_Fury,Bourk,88,Have you tried to turn it off and on again?,3
Loofy_101,Loofy_101,11,Coming next week when we all land on the moon!,4
Turtlesaur,lunaticninja,1,"I always take cues from what it takes for the species to evolve. Effective harvesting of solar energy is the only way we are going to make the giant leap as a species. At some point, I predict a breakthrough in solar harvesting.",3
jacored,Seiko2Rolex,19,"hey leave the good folks in Bulgaria out of this

lol",3
Doge_of_Venice,Landocomando67,53,"I never thought Id see myself sucking a cock for a chicken tender... man, 8 years is a long to to be dreading something such as this.",1
dhiral1994,Jacob_The_White_Guy,4,Airlines went on sale today.,3
MIA4real,abba-zabba88,1,Ugh I guess some people just get really lucky in life,2
Mycatiskoolerthanyou,The_Egg_,2,"Not sure, I think he is just not understanding how many companies will be involved. INTC isn't playing voodoo on someone haha - plenty of good operators, who will be involved - Like AMAT, LRCX, list goes on.",3
Billeard,antecglass7798,3,"&gt;Anyways imma send a buy order for a thousand shares of GME tomorrow =≈Ω=Os BAYBEYYY LETS GOOOOOOOOO >¬ç<L>¬ç<L>¬ç<L>¬ç<L>¬ç<L=‚Ç¨=‚Ç¨=‚Ç¨=‚Ç¨=‚Ç¨=‚Ç¨=‚Ç¨=‚Ç¨

""I'll take Brain Damage for $1,000 Alex""",3
punkfiveo,punkfiveo,5,welcome fellow retard!,3
AR334,the-slowrush,9,Great minds,2
Aeromarine_eng,ahungrylilsandwhich,10,They always had planned to do two more hearings???,2
WutYoYoYo,PrettyText,442,"He's not a professional bullshitter, unlike most politicians and CEOs.",2
anono87,tryhardfit,1,"I was reading that interest rates are rising. As a mortgage initiator, they make more when rates drop and people refinance. If rates go up wont that mean less mortgages and less revenue?",3
FragileLP,tyalanm,1,Why?,2
kirlandwater,FittoPalladio,61,You can't lose if you've never won,2
qwertysac,xDilo,1,SGMD,3
saliym1988,TrigXBL,12,"If I am you, are you I?",3
ChrisFromLongIsland,supakow,18,Good bot,3
kirlandwater,brewingtoncoffee,1,Hopefully Amazon will get back into buying AMC. Thats why I initially bought my shares back in may. I just saw something recently saying that Amazon is still interested.,3
ttwbb,gregislegend,-1,"No. If everyone holds it stays at fifty dollars, but there are serious investors who own more of the supply than the population of reddit.",2
garagetechnik,PhilPhillies,61,See world,3
ChanzyChan,RavingWook,19,Gambling*,2
jadedowl98,jadedowl98,6,Yes. The whole month of October was red for the entire market. I kept buying more weeklys thinking im buying the dip but kept throwing my money in the dumpster,1
Wasabi_Kamikaze,Shiftybidnes,3,I just deposited more money into RH. Someone uses my card too. If you want to keep the balance up just deposit more money.,3
dohtem213,lloydleland,25,"This was the House, not the Senate.",3
Stylux,JPoor_The2nd,10,This is some bullshit eh,2
EYE-CHAiN,ngram11,29,...you guys are still holding?,2
SAPPER00,StockXchange,21,30% if were being real about it,3
goldentowels,goldentowels,2,The class itself focused on long term compounding returns. He insisted that we put most of our portfolio into index funds and ride the average rate of return into retirement.,3
DeepFuckingValue,goforthandconquer,40,"Jesus, Jim Cramer is a psycho

I do have to ask though what emoji face is that, what does it mean?",1
Uncle_Samoyed,DarkSyde3000,1,"It's the media, they're fucking stupid. Always have been. It's a for profit business model, not an informing the public one.",1
npiterman,JonFrost,2,"Idk last year

I'll get another when this one breaks",2
hatemydarnjob,counselthedevil,5,Looks like when I discovered options trading.,2
Tincansailor59,Detectives27,1,Exactly. You cant hide actual losses (which as you can see) have some people upset.,2
AutoModerator,poopa_scoopa,3,Impressive,3
Telandra,TheTeaSpoon,3,"Czech here. I started doing some part-time jobs in 2008. First month I got like 300EUR (about 10000CZK). The next month I was given a raise... but also [super-gross salary](https://home.kpmg/xx/en/home/insights/2020/09/flash-alert-2020-408.html#:~:text=15%20percent%20rate.-,Background,contributions%20paid%20by%20the%20employer.) was introduced. My payslip was -30EUR lower (I suddenly made 9000 CZK after getting a raise) despite me getting like 20EUR raise.

That one hurt me. Finally it has been abolished this year. I get extra 150-ish EUR now. For 13 years of working I was shorted out of at least 50EUR a month (when I started working full-time it was closer to the 100) by my government with their tax fuckery (which made taxes in general real convoluted process). The president was extra petty by not signing the decision of the parliament which delayed the abolishment for extra month... made me lose about 13-15k EUR which would have really helped me over the 13 years (e.g. getting a mortgage instead of renting would have been attainable).

So I actually had the ""get a raise but get less money"" moment.",1
kirlandwater,PaulVla,1,You know; AMC might go down but GME is there to catch you when it falls!,2
ElbowMagnet,UristMcDoesmath,1,"GallowBoob would be a billionaire, perish the thought.",2
DodgeThis90,CuttyAllgood,2,Thats awesome! I know they had serious problems as a result of the storm and probably need every penny they can get.,4
EchoWxlf,Derpinator_30,1,this is some chimpu shit,1
AgnostosTheosLogos,OtherTip7861,1,This aint even english lmao,2
Moe_Lester818,IronicEyeCancer,223,"These photos are completely useless. 

1. Doesn't show the stock you're invested in

2. Doesn't show how many shares you have

3. Doesn't show current time.

For all we know, this is from 2 weeks ago",1
Shepherdspie_inyaeye,mattstover83,2,Wish I knew what calls he bought to make CVS %8.17 of his account.,2
No_Employment8579,aefuze2,1,Please switch brokers,2
Humble_Geologist7275,Humble_Geologist7275,3,SorrY I correct myself because I'm finding myself to be durnk  a lot. Generation X motherfuckers. Word to your momma.,2
Doge_of_Venice,Realistic-Account-55,26,"Hmmm, in that case Mad Max Furry Road. The one where they all end up being Furries in the end...",2
t4t0626,Recent_Bid,2,What a legend.,4
Ndifel,Tiny_Rick_C137,1,The fuck'd you just call me?!,1
ExceptionallyGreat,MangoDan,-6,"Well I mean, kind of what you get buying into a stock after it's gone up 600%. You're talking about new traders but then wonder why you lost money on that play. 

 Want to know what I did on the Monday of that week? I bought 1/29 calls on AMC/NOK/BB and on Tuesday GME. Made out like a bandit up 20k in 3 days because of retards like you.",1
Ndifel,lamabaronvonawesome,1,Anal prolapse tech is my field. I got into it for other reasons.,3
OPINION_IS_UNPOPULAR,Fun_Trade_6920,1,"Godspeed, sir",3
Sirrus_VG,DonnyTrump666,2,"sorry, but you are not data scientist, you are a moron.

power bi is visualization tool and competes with Tableau/Looker.

Snowflake is cloud data warehouse platform and competed with Cloudera/Databricks/Informatica and stuff like that.

standalone power bi sucks shit and only lives because MSFT bundles it with its sales of other products (sql, windows, azure, etc.)

standalone snowflake kills everything

&amp;#x200B;

I will buy puts and then switch to common when it dips, not a financial advice",1
Megahuts,IHaveBadPenis,2,I doubt it will go to 1k but it's entirely possible if movement stays horizontal to pump to 120 before crashing.,3
nattyunnatty,RedDevilCA,1,Check Dookie Dimez stream on twitch,3
Gyrokos97,Not_Astro,4,Did u sell your options?,3
yeggles,exgsgenx,15,I thought FINRA Report is released on 25th and Q4 earnings are also on 25th,3
spencer2e,Dark_Seas_,3,Whats more concerning is how much wells fargo lost on hiring a blind man to design their app,1
ItsFyx,aka0007,1,"I think we see TSLA well over a $1,000 by year end once Texas and Berlin are open. The 4680 Cells and Single Casting will propel them to the next level. If the get FSD moving along, even higher.

There are only 2 compelling technologies out there from others that I find interesting. (1) Lordstown Motors, in-wheel motors. I don't know how well this works (I suspect it will pose many more issues and will be of limited use case), but it offers the ability to design a car without a drive shaft which allows you to build a car in an innovative way and (2) Quantumscape solid-state batteries. They seem to be the real deal. I still think the 4680 batteries are more important for the next decade (I think they will be scalable a lot easier), and in any case Tesla will have solid-state 4680 cells eventually, but solid-state batteries will be in crazy high demand and will be very profitable.",4
Technical_General208,JustANyanCat,3,There's even less reason to listen to a low karma account...,1
UhRealBucknut,ThisIsMyAccount4Work,167,Yeah this is some American Greed ponzi scheme shit.,1
heelhookd,EthanLikezCatz,3,Retard: Everyone watching that needs a lingo guide,1
AutoModerator,easymac187,9,Lets see how OCGN plays out this week =‚Ç¨,3
Old-Ambassador7204,GarlicBlaster,11,He is talking about Tom Brady,3
slippinshimmy,LK102614,5,"People here do not understand that short sales are different than puts. They are a completely different type of trading. Short selling has unlimited loss potential, purchasing puts have limited loss potential. I think you know the difference, but just putting this here for new users because its annoying when people say they are short selling a stock when they are actually purchasing puts.

Edit: wrote tarded stuff here - corrected below",1
LayfonGrendan,adgway,13,"How about post GME squeeze &amp; the influx of shills? Wouldnt that be illegal? Maybe they arent bots by definition, but certainly they arent genuine accounts. 

I hope CEO &amp; others dont hide behind semantics tomorrow (obviously they will). How can anyone believe there hasnt been (still is) a concerted effort by suspicious accounts to change the subject &amp; sew FUD.",1
Minimum-Watercress-8,Minimum-Watercress-8,3,Sounds like sex,4
Jemielstar,klasspirate,4,"Guy said he maid **8** figures already, he's retired and a smarter retard than us.",4
urvik08,maho7090,7,"PINS and NIO all day. Longs on both

Not financial advice, just stonks i like and have done well on thus far",4
mn_suburbs,BleachedTaint,2,Thats because mods were gay,1
FatAspirations,vinlo,90,"&gt;I'm glad you're with me, Sam.

dude you're gonna make me cry",4
SweetLobsterBabies,Jawsumness,2,Its good lmao,4
nickolasjt,snailPlissken,8,I'll save one for your mate. Stay safe over there!,4
lurkingsince2006,shimszy,2,"Thanks, I'll have a blast writing my application",4
AutoModerator,floppyfolds,3,"Ya, Allah",3
PeytonFugginMoaning,ariesdrifter77,16,17.5c 2023 checking in. I like what I see,4
DaddyPooty,buffalo_chum,-1,Gotta own shares to sell. Period. Or you are selling naked. Not cool.,1
OPINION_IS_UNPOPULAR,Stonks4sport,1,"Welp, back to being one of the poors...",1
bluekemuri24,deltolink,15,what gave you this feeling?,2
Mattras7,NeonTrigger,1,"Do me and your future self a favor.

Get TD Ameritrade's ThinkorSwim program. I think there's a mobile app as well but their desktop software is great.

Set up a paper trading account and just start messing with buying/selling options. Paper trading will use fake money but real world values.

I would hugely advise learning ""the greeks"" at the very least before trading with real money, and understand how those numbers and IV % will affect the actual value of each contract.

Options are inherently dangerous because you risk your entire investment, and contract prices can move counter-intuitively. Paper trading to get a good feel of how it all reacts to share price and momentum is a great way to start.",4
haleykohr,paidstonegarbo,1,"there are no mainstream sources for this, a.k.a you pulled that shit out of your ass",1
dirtykras,JeremyJWinter,33,"7.6 short years. Gamestop will legalize prostitution in 4 years transforming the federal government, which it will own by then.

Don't forget to stop by game stop, because it will be the law to stop every week to receive you daily bread and government (GameStop) job ticket l. 

Mr gamestop will have passed away by then, but gamestop jr continues his reign and expands it's interest beyond alpha centauri.",4
realplayer16,jdreboj,89,"Haha dude I'm from Bulgaria and for a moment I was like what.. and yeah fuck Vlad, he is not even using his whole name ffs.",4
Variation-Separate,solongoldbean89,5,"For anyone that doesnt know, FTDs on a stock with a lowish short interest means the stock is wound as tight as a virgin asshole. Give it a little thrust and itll go pop.",4
Teraskikkeli,Vlapu,10,Wtf? Do you have brain damage?,1
OPINION_IS_UNPOPULAR,MindlessInitial0,1,Tim Apple =-,3
Telandra,foofer1233,174,"holy ratshit, dude! literally 1000x return on investment. what the fuck? this is legitimately the shit people dream of.",4
pdwp90,blissrunner,1,"The Data later: WSB mentions drives inverse wealth &amp; bountiful loss porn

""(Not) A suprise to be sure but a welcomed one.""",1
Pouyaaaa,Watermel__on,2,When you get caught with your pants down and your own dick in your mouth!!,1
ImFedUpWithItAll,Inevitable-Staff-467,6,"Demon Slayer sold like 100 million manga volumes last year, smashing like every record ever set in Japanese comic history 

Using Demon Slayer as a reason why movie theaters will bang once lockdown ends is moronic. The series is mega mega popular in Japan and just hit the demographic super hard",1
GodlessGreat,igankcheetos,2,"I plan on it once my fractional shares clear and settle. (To TDAmeritrade) Please be aware that transferring your stocks may not work if you have fractional shares. I might just liquidate and settle, cash out and then re-balance anyway.",4
KRVROTMG,MesmerizerLIVE,2,"Interesting theory, but the key to this is ""if"" the selling starts. What's the catalyst? What's going to cause the cult like bulls to actually dump their shares or not buy the dip?",3
AutoModerator,Tangelooo,3,Sell some 120$ weeklies and rake in the dough,4
Baller_420,plopets,-1,yes i totally believe the **C**ommunist **N**ews **N**etwork,1
Fragsworth,GenepoolChlrn8r,2,"I had a similar issue with Schwab on PYPL where my 'Sell to Close' order didn't appear to process and so I entered it again.  The next thing I knew, I was short PYPL during one of their squeezes.  

It wouldn't let me buy to close because the original position was initiated as a 'Sell to Close'.


I got Schwab on the phone before I did anything (watching my losses pile up while was on hold).  When I finally got a rep, he told me to buy to open enough contracts to eliminate any market risk.  Fortunately there had been a pull back by then and it wasn't such a bad loss.

They eventually flattened the open and offsetting positions administratively and credited me the few hundred dollars I was out.

Hopefully you'll get a similar resolution.",4
MotorizedDoucheCanoe,fighterpilot248,6,"Well at least my SNDL call is far in the green. My APHA, tho... not so much",2
thabat,NoDeityButGod,5,Covid is the new way to die,2
MaRs_6M,ZugZwang14,5,Puts baby,3
ImFedUpWithItAll,420blzd,1,sounds to me like you missed your chance to sell at the peak and now you are hoping for another one and told yourself this time i will sell,1
Swinette,phantomofthej,-8,"Do you know what the basis of the price targets are? Do you have a price target yourself? 

###Price targets lead to *fomo*, if the basis of your investment decision is a price target, youre a corsairtard",1
zevman,ProductiveDiscord,0,You guys have no idea what schedule D even looks like.,1
Eigerloft,zimmah,1,Bloomberg says when it goes up.,2
HodorNoMoreHodoring,insideoklahoma,7,I'm in for 986 shares. Ive read a ton of DDs on this company and am gonna let it actually ride for once.,4
GarnByte,Disguised,3,Yes please! go anywhere else! this is getting really fucking sad. Its like watching your alcoholic uncle slowly turn yellow from the jaundice.,1
ephyfish,ProcessMeMrHinkie,98,"I'll create a product called ""faux 1000 oz silver bars"" for all the degenerates and retards that can't use the dictionary to figure out what faux means. Hope they enjoy their new iron paperweights.",1
BigBlackWifey,Marshmallowmind2,2,That's the longest DD I've ever seen,3
TKT_Calarin,IFromDaFuture,6,Wallstreetshills doesnt sound as good. I support your suggestion,4
storyofedd,wallstreetbetter69,3,"So maybe I've been lurking since 1m degens since I was never active enough on reddit to justify making an account? I was in GME at 46 and sold at 394, and I've recently yolo'd my entire savings into PLTR leaps, I'm comfortable enough to say I belong here. It seems you're the one missing the point. Salty because you bought the top? Post your loss porn, take it like a man rather than pretending this whole thing is some sort of united movement. That's exactly how they'll build their case for us manipulating the market.",1
fwifo,DDS_Deadlift,7,I dont really know the full story. But boating at night without lights on seems even more dangerous than driving at night without your lights on.,2
maz-o,bkkhk,65,Read my lips: no new taxes,2
coolbeanzguy123,lemmywinks11,1,YOLOD SIR,3
GhoulishMilk,CandidInsurance7415,2,I like cornbread because when you combine two things with no nutritional value they cancel each other out. Thats why my brain so big. Or maybe its the swelling.,1
KitrosReddit,sthence,41,wow.cant wait to see 130k/shares for gme,3
TheLeslieDavidBaker,IpMedia,1,"Some jabroni: *sells his AMC shares*

Leslie: **BOY HAVE YOU LOST YOUR DAMN MIND CAUSE I'LL HELP YOU FIND IT!**",1
jonathant4563,OffTheGridGaming,11,"This kid got spoonfed like the child he is.  Nice replies, high logic",4
OPINION_IS_UNPOPULAR,the_irate_pirate,98,"I mean I do pronounce your name like the French word for jizz, ze jizz.",3
ShieldProductions,IceQue28,24,"Dont worry, youll make it back.",2
wankerbanker415,tebbythetiger,1,Recommendations for a gen x >¬ß? Only 1 generation removed from boomer so pretty dumb,1
dp873,skeppsbrottochstraff,1,Beautiful posting!,4
AutoModerator,Coldkiller14,9,"DFV is the ultimate chad buying 50,000 more shares.",2
SomeTechnology,MushyWasHere,17,"Absolutely not, I'm made of diamonds, not dignity",1
inyourfizzy,Sben10,8,The only gme posts now are people who bought at 200 and are just hoping to minimize their losses,1
jaymancini,russiansausagae,2,They went from rogaine to cocaine,2
LemonFeel,Parmijohn,3,Still holding my 62 shares of EB Games as well! Let's go! **=L=L=L=≈Ω=≈Ω=≈Ω**,3
someuniguy,droitsage,1,Bitch mother fucker California will give you a small 4x4 spot to sit at in the waiting room of the mortgage loan officers for that much,1
disnolol,djmedx,4,SNDL!!,3
moazzam0,CZHambrick,79,Like we can afford awards. Weve already maxed our cards out.,1
FragileLP,MasterChiefX,1,"How do you lose so much and keep going? My chart looks similar though, my total loss went from -12k to -500 because of GME.",1
Wasabi_Kamikaze,mountainmonkey2,1,"Profile&gt;settings tab&gt; cash management &gt; lock card 

Dont see it?",2
Megahuts,Halfpipe_1,3,"All the BANG stonks had at the money weekly calls selling for 25% of the price of the stock in the last two weeks. If you like the stock long term you could have it at a 25% discount or get 25% gains for 3-5 trading days. 

This was assuming the trades would not go tits up which of course they did.",2
9bitreddit,GeorgeTultan,3,So your saying theres a chance... =‚Ç¨,3
CappedCrib,Tinkerdudes,3,Just find an asset that has been going sideways forever and it wont matter,2
johnnycleveland,brewlee,1,Thank you,4
BENshakalaka,Peterthinking,3,The average number of eyes a person has is less than two. There would have to be millions of people with three eyes to keep the average at two or above.,4
JcAu20,NNIGHTBEASTT,3,"Bye land, not car.",2
Frostayyyyy,DanknugzBlazeit420,15,"Sir, this is a boner pill shop.",3
mattseg,mattseg,1,You thinking UDN?,3
Lowviscosity,TronBoyxc,12,Well that didnt last long lol rip gme,1
hsjwbksx,Nigel_Thirteen,3,Do it for the Nigels and the not Nigels =L<=‚Ç¨=‚Ç¨=‚Ç¨,3
imposter22,SuperSpecialCanadian,133,Damn and I was hoping you were gonna say amazon is buying amc... ;) Good job on $4m. its all relative!,4
Turtlesaur,relevantusername2016,2,You did great!  =‚Ç¨=‚Ç¨=‚Ç¨,4
OPINION_IS_UNPOPULAR,lunakola,8,Retard alert =¬®,1
BadassMcGass,nobuddyaskedbut,11,"Imagine having to follow the shit show that The Trumps trial was 

""We also choose complete incompetence as is the tradition of our country in importation matters.""",1
AsianBond,wetsuit509,1,"Jesus, the Gov should just let the squeeze happen so that they can transfer the wealth hoard from the tax dodging rich to the rest of us who'll end up paying the IRS capital gains and then with the rest of the gains stimulate the economy. This would be better than anything the Fed has done.",2
uduudud,dankbuttmuncher,2,"Its true, when Lil Yatchy releases music the market tanks. Its at 7/8 now",1
imunfair,rabidstoat,16,some retard here got me into JNUG and what a disaster that was.,1
awesomedan24,throwmeinthetrashlol,29,Its dumb to grill RH for that when ALL brokers say they have commission free trading now,2
Toomanykidstosupport,Toomanykidstosupport,8,Possibly. Ive settled on holding sens through fda approval and think it will easily be 8-10 in July. Unclear what will happen with earnings on March 4th. Should be a fun 2 weeks and we may see a pop but Im in for the long haul. There have been a lot of good reviews on it by diabetics so we shall see. Good luck with mstr!,4
Pilotguitar2,bciesil,1,I'm old enough to remember when Netscape fought against Microsoft and the matter was brought in front of Congress. They haven't gotten much smarter I assure you...,1
President_Wolfe,genuinenewb,1,"tell me when will this report will be out...........the date and time, i'll prepare my tendies for a nuclear bomb",4
EYE-CHAiN,igor215philly,4,If you didnt eat crayons thats why youre loosing money also get youre wife a bf keys to success lmao =,1
0hedge420,cjspoe,78,sued for being awesome,4
isitdonethen,SnooJokes352,3,"Yep, most of my portfolio is dividend stocks at this point, plenty of big names giving 6,7,8% dividends right now.",4
PeteTheCameraman,MrIllShot,3,Yes or no?,2
DR_manhatter,Healingkush,-10,Go suck a fucking cock you deserve nothing but homelessness you retard Autist I cant wait to buy your RTX from you when you need money to eat,1
GiuseppeMercadante,Betsey23,6,This aged poorly,2
Anik71,dodo_gogo,1,Strategy is yolo,2
Megahuts,Megahuts,2,"You would get 1500 for one call if you sold it, or cost you $1500 to buy it",3
mt4h,IFromDaFuture,20,They arent losing 2 billion a day..,2
pleasesolvefory,pleasesolvefory,1,I hear ya. Good luck friend! This is a good lesson in never doing FDs or weeklies. Leaps always to hedge against how stupid the market is. Or just do shares.,4
-Workin-it-,AmericanMurderLog,1,"GME is still trying to squeeze based upon high float, but all of the new AMC stock recently issued means there will be no squeeze for AMC.  2020 has been a damaging year, with AMC taking on over $1B in new debt, while issuing over 340 million new shares just drafted out of the ether.  Somehow their market cap is now higher than at any time during 2019, so the stock is fundamentally overpriced.

I agree that AMC is a strange stock, and good news could light a speculative fire, however the investment industry is also looking at all of this and their average target price after all of the 2020 dilution and debt is $2.51.  I think the unanimous alignment around those targets makes any sort of run unsustainable.  You also have Wanda sitting on 50M shares they just converted from class B to class A, which was clearly done to allow them to liquidate them.

 [AMC | AMC Entertainment Holdings Inc. Cl A Analyst Estimates &amp; Rating  WSJ](https://www.wsj.com/market-data/quotes/AMC/research-ratings)",2
tsbsa,yeoldecotton_swab,3,"$AMC was the straw that broke the camel's back for me. The second I bought it, I instantly realized my mistake and held like a dumbass. Fortunately for me, I didn't hold long enough to have any real losses. Just left money on the table.

Lessons learned are future gains earned.",1
Scri0s,Lizardreview-,1,BB has had me harder than rocket science and Ive been this hard from loss porn since January 14th,1
LosingItAllActTwo,abandonX4,77,"""Personal risk tolerance""",2
t4t0626,Bennylegend,2,"Its funny because hes 100% correct. GameStop has serious potential to become huge given the enormous growth in the gaming industry. With someone like Ryan Cohen leading the company, sky is the limit.",4
nicknaseef17,Seanson814,2,Come on everybody! Repeat stuff!,4
BROnline,animpressiveusername,1,Lol this guy is more slimey than the underground tunnels from Ghostbusters 2,1
ContrarianHero,RocketMan-987654321,9,"PLTR: the technology, the OS for data, clients, investors and the team as a technologist they have very sticky software. Im not taking profit until triple digits which is realistic. 400 @ 26.1",4
OPINION_IS_UNPOPULAR,DjangoVonShaft,4,COPE,2
Certain-Reaction-174,Tair92,2,One is possibly a man. The other is a legend.,4
MotorizedDoucheCanoe,RZRtv,1,"Well what's the real numbers? FINRA? S3? Is 43% SI low now? 78%?

What we know is that shorts covered down to 40 or 80% SI by the end of January AT MOST. That's still high, and if I was a greedy HF manager that averted disaster, I'd double down as the price started dropping. I get casting doubt but I feel like you're not looking far enough ahead. ""Squeeze is squoze shows over"" isn't convincing for me yet",2
kawstacos,lemurtowne,-12,"If you think 200k is rich in 2021 America, you've got yet another shocker coming.",2
kirlandwater,crypto_Thor,3,The SI report is basically self reported and for misreporting the fine is basically nothing and well worth it for the HF to scare us away!,1
OPINION_IS_UNPOPULAR,Rithe,90,Its hard to fight corruption when it goes to the top,1
jmantikhoras,OzManDiez,100,"Bears make money, bulls make money, pigs get slaughtered. But monke???? Monkey make =≈Ω=≈Ω=≈Ω=≈Ω=≈Ω=≈Ω<W<W<W<W",3
OPINION_IS_UNPOPULAR,blackcatpandora,12,"I am not throwing away my.. calls
I am not throwing away my... calls",2
pjorgypjorg,pjorgypjorg,7,Ive never been able to give up my delicious analog cigs for the digital ones,3
ttb1347,FAK3-News,1,Getting there,3
lethargic_apathy,propita106,1,Ah. Theyre selling back and forth to each other at their agreed-on price (I would think that was illegal).,1
Mycatiskoolerthanyou,techmagenta,1,OP trying to dump their RSU bags on us lmao,1
Fragsworth,theSikx,51,"OP is one of those folks who click on a button ten more times if it doesn't immediately register on first press.  Give it a second, it has to travel to space and back through the miracle of science.",2
InVideo_,iclements94,1,Should Webull be trusted since they are free ?,2
Variation-Separate,WatchingyouNyouNyou,2,Wsb is like that. They are very good people who want everybody to make money also. Especially when they think the stock can still 10x after a 20x run.,2
DMmeYourCat,Sufficient_Apricot_9,8,This is insane,2
SkoshX,NobelStudios,0,"If you think they are comfortable when the share price is at 60$, you are delusional. Think about it.. Billions are and will continue bleeding at this levels. Imminent, might not be accurate, true. But its not far from rising again, its still very likely to. The sentiment changes a bit and GME will be a long term play, no doubts.",3
Baller_420,SkunkBrain,2,I like that  =≈Ω=L  are punished less than  **>√ª** =L.   But overall this is a lame way to tax.   This would be even more offensive than the cigarette tax.,1
Stockgandu,Wide_Awareness_3304,3,You know hes not lying with these hairs,3
LiveLaughLibor,Porkrind710,2,"Corsair stuff is really solid. RAM, PSUs, their new line of cases, etc. are basically industry standards. Their peripherals are good too, but I wish they'd come out with a more ""professional"" edition or something. It's nice that they're packed with features and not as boring as Logitech, but their high end mice and keyboards are a little over the top style-wise.",4
AutoModerator,Son_of_X51,3,"Yeah, I've seen way too many ""YOLOs"" that were just buying shares.",2
Warlover1,lostpr0f,9,Look at the options chain...,2
ComposerKlutzy,Luis_55,1,"The weed stocks havent mooned yet, the big play has and always will be federal legalization, its been shot up by the WSB meme stock bullshit causing it to be volatile as fuck, but the big play is still legalization, and with APHA, its the merger with tilray, dont lose sight of that just because its gotten volatile recently",3
Integratedgrapes,cruthas,12,Been sitting on $RYCEY since December and buying dips ever since. If it goes to the moon or heck even three dollars Ill buy my wifes boyfriend a one way ticket to $SPCE,4
DonPalme,jamaanwar,14,Perfect,4
Blakred,no_pepsi_is_not_okay,18,"[check out this DD](https://imgur.com/a/MtkC2ru), feel free to share it!",4
saliym1988,KingofBeardStyle,831,FUCK VLAD,1
spartan6222,AussieFIdoc,3,"Thankyou for the question congressman on whether Robinhood steals from the poor to give to the rich. To answer that, lets go back to my childhood in Bulgaria",1
saliym1988,KAT-PWR,51,"It is wild how green this sub is now a days. People have dark-pool bots that pull, post, and highlight the large orders in discord(like pretty much every non-retard group)

Yes Apes, you can buy this access to see it via FlowAlgo. You're welcome.",3
FloatNuker,bigcig,1,"the court of public opinion is always involved. 

sure our voices don't matter - but i can't imagine there's big money lining up to give them cash like there might've been back in December.",2
ares_abi,SweetEmbraceableYou,68,I've heard Robinhood is restricting trading again!,2
cfiznuts,tabootomtom,3,"Nah, but you better check up on your EX and wife's boyfriend, because they ARE having TEA in the kitchen.",1
OkLion415,Botboy141,21,"Thanks for sharing over here. Sadly, vito was banned but r/vitards chugging along.

#STEELGANG",2
gmartinetti01,phixerz,2,wifes boyfriend told him i guess,1
Some-War6877,Exo357,3,PLTR straight chicken hawk investment,3
thjeco,thjeco,-1,lol no,2
MangoExternal,gt-70,43,"I would say 69, but more experienced one could say 42069",4
c-c-c_combo_breaker,shaktimann13,2,"I like stock.   


Joke aside I think when Canada legalizes single event betting, SCR will lead the market. Canadians spent 100s of millions on super bowl bets on foreign-owned betting sites. Score is one of the most popular apps in NA",3
The_Big_Short_2020,yacketysmacketyDAD,9,"I like this stock....bought $10k before close today... would've been more if I didn't love $PLTR too. More refinances and new home mortgages this year than I have ever seen with the only data point being from my mother in law realtor.  Nothing substantially to add because of OPs thorough DD.
=‚Ç¨=‚Ç¨=‚Ç¨=‚Ç¨=‚Ç¨=‚Ç¨=‚Ç¨=‚Ç¨=‚Ç¨

Let's all fuel the $RKT",4
KitrosReddit,Jewish_Overlord,10,"I can borrow hard to borrow stocks. I shorted GME 1 share and it went right through. 

During the squeeze I was not able to short it at all.",2
sisinana,Misha315,1,Im starting to think sell side analysts post on Reddit,2
fwifo,Awkward-Painter-2024,4,"Well, Kevin does know how to make money! I wonder if he'll buy then outright. And rebrand it to ""our hood"" or some shit like that!",3
misium500,BeerLeo89,232,It's really easy to hold. I just turn my app off and don't look it costs me nothing.,2
Imtherealwaffle,Mister_Maintenance,1,Have you lost your gourd?,1
Yonsei,S3CR3TN1NJA,5,Yeah wtf lol. Microsoft isn't going to give Gamestop 10% . Why the fuck would they? They'll be lucky to receive 3.,2
antalmo12,Youdontevenknowbro,2,I love how you can see him trying to stop that grin from coming out lmao,2
os_enty,Screamline,4,I... Need to figure out calls,1
TidoLeroy,inm808,1,Insanely well cut,3
heapsp,heapsp,45,"20 contracts, $31.00 CALL 3/19 - average price of $325 per contract. Its not quite a yolo at only $6,500 but my alimony is due soon and my wife's boyfriend needs a new pair of jordans.",3
misium500,Strensh,38,Big if true. Explains a lot. Refueling.,3
clubba,kaybee513,1,Boobs.,3
AutoModerator,AnaAmor13,-7,Me. A trading infant with $20 on robinhood. Reading all these threads...barely understanding lingo...but the numbers have me like >/. Also...loss porn? You fucking sadists =,1
Shepherdspie_inyaeye,chusifer24,2,my may 80c have been nothing but pain. pleas fly again,1
Craneteam,PleasBoofResponsibly,8,No but our 1.29 together makes for a smooth brain.  Must counts. Smoothiest,1
LITFAMWOKE,doglordtray,5,"Pretty sure the boat set sail
Already",1
heelhookd,Rhuckus24,4,They forgot $ROPE.,2
AlphaWolfTV,HereGoesNothing69,12,It looks like he flatlined and died,1
bidimensionale,bostonvikinguc,-5,You dont find it odd people are getting paid to post neg post,2
dc_chilling17,Whistling_Birds,1,"Highest predictions I have seen exiting Winter are in the low 50s, I'd wait if I were you, because a lot could go wrong in between now and a Summer 70$. Go long in Spring with shale for 2023, and it's easy bank.

If you want the really fucking big dick play, look into US LNG and bet on Navalniy's imprisonment getting Nordstream 2 scrapped so that the US can unfairly enter the European market with its ridiculous prices on ""freedom gas"" - that's the Biden's racket, been waiting on that for 6 years.",3
Dom52275,nick_tha_professor,1,"I know a lot of people bottom fishing on XOM. Not a fan and honestly the company's best days are behind them. They are free cash flow negative and cannot support paying their dividend. They have basically liquidating all their assets to raise money 


ATT isn't terrible cheap enough however it also has had problems.


If I had to choose I'd pick AT&amp;T over Exxon.",1
alldayletsrock,Electrohooker,2,I just want a warmer car to live in.,1
wickerman93,Soender,9,Nothing at all.,2
bigbear0083,zac_usaf,1,"Very true, :) good thinking lol I just have leap calls so I want this mofo to move to Saturn lol",4
flovidchan,marsinfurs,5,Theres no insider selling because lockup doesnt end until the 19th dumbass,1
69ingSpunkingMonkeys,DzielnyPrzechuj,1,Retarded gorilla,1
Daniel_00_00,Andrew-Wang,4,Price aint moving :(,1
1541drive,superdrizzle7,6,"Now days you gotta get like 6 different brokers, you never know when the order flow is going to intentionally get disrupted.",1
faisall1,mrlunes,24,I bought at $8. Im kind of retarded but holding hoping for something to happen,1
DoctorProfessor69,inverseXesrevni,32,Yeah I hate money too,1
StimulAss69,Lilpav88,8,Well hot dammm,3
samwize7,Dio_Eraclea,24,A red towel squeeze. Twisted. And kitty with captions saying hang in there. Yeah. Seems like a message. Dont throw in the towel. Your feet almost touching the bottom but hang in there and squeeze. Squeeze what though? My butt cheeks are squeezed as can be.,2
Tradergurue,youreloser,-5,If it's already in each new car.. then what exactly is the potential for growth? Ford even stopped using QNX for the entertainment system.,2
inco33,AyThrowaway0111,3,"This lol. Love this sub but jesus christ I forget how little people know. 

Nothing wrong with heading your positions and locking in some of those gains.",3
jkingcrow21,inyaahfaceeaut,4,when did you buy in?,3
AstroSolutions,Astronautikon,5,Holding and not giving them up!,4
GushingGranny1,Dacklar,1,Because the government can't help themselves and will throw money at it.,2
MotorizedDoucheCanoe,Nosefuroughtto,17,"The year is 2075.

VladdyTheDaddyPutin And WhiteMamba27 are still spamming diamond emojis at each other. Everyone else has died of old age and/or full contact bankruptcy.",2
scalz95,raddits,1,They know how the markets work. They get paid buckets of cash by the market makers and the markets keep working,1
Frostayyyyy,Frostayyyyy,34,I'm glad we have similar priorities,3
FluxRevived,spellbadgrammargood,1,im glad i bought this instead of AAPL today. i was looking at AAPL and thought it a safe investment but i want to take risks,4
Moot251,DonEstoppel,1,They fell victim to the .com crash.,1
PussySmith,IronMan-TM,2,Think or swim,2
WorriedBanker,Suck-My-Clock,872,"In short, I like Keith Gill",4
GlideOutside,GlideOutside,1,I post all my plays.,3
marcysharkymoo,Elijafir,1,"Right? I've been lazy and haven't scrubbed my account for a few months.. It's way past due.

So is OP a shill or a bagholder? I can't quite put my finger on it.",2
hereforthekix,SecretSquirrel8888,2,"I'm holding 100 shares of BB. Their business is looking up, but investors want to see the financial statements. Wait till they report earnings and the stock will react. I think this was the hedges plan, drive the stock down, quietly buy on the basement floor. Wait till earning are reported and stonk goes up and then sell. Wham. Sir, this is casino.=≈Ω=¬ê=‚Ç¨>¬ç",4
ConditionNeither,Efficient_District_4,1,Im down 8000 dollars I have no choice but to hold,1
yo-dk,PrinceAsneeze,4,So you're saying Buy and Hold,3
Notfinnchurchill,Narradisall,1,This is utterly hilarious. Having watched this sub for years its just such a laugh to see it on main stream media.,4
OPINION_IS_UNPOPULAR,Jcpmax,6,"&gt; https://www.cnbc.com/2021/02/18/us-china-decoupling-would-cost-america-hundreds-of-billions-of-dollars.html

190b to decouple from China? Thought it would be in the trillions. Just fucking do it then",2
c-c-c_combo_breaker,soylentgreen2015,1,"Fyi. It's only in 1st reading if memory serves.  After that comes 2nd reading, committee stage, 3rd reading, then a vote,  and if successful,  royal assent to become law. We are a long ways from it being passed.",2
caler5,martinsb12,153,Could do a diamond hands tie,2
itspixelfire,dancortens,5,For real one of my favourite moments in all of the movies is the Rohirrim charge to break the siege on Minas Tirith. Goosebumps every time.,4
KurisuHippo,Jubelot,9,"Where are your from, DAN?

Kuwaiti here <√ª",3
jesus2019003,Ryakuya,5,What is tomorrow?,2
ValueMaverick,ValueMaverick,2,Excellent question...i would say it is more on the low side but that mix will change. Covergirl is not a luxury brand but Gucci and Burberry is but a small % of total revenues. I think you will see more skin care products and less cosmetics. There js a trend of less is more. Look at orveda.com you will see all those products in some capacity across their entire portfolio in some way shape or form. This is the roadmap you will see over time.,4
pdwp90,Chcken_Noodle_Soup,1,"Seriously, it's a third of my portfolio",2
what_that-s_crazy,what_that-s_crazy,5,The price difference will close before merger. It won't make a difference long term.,2
OPINION_IS_UNPOPULAR,beamteam7,5,Bullish on mod team,4
jonathant4563,kaprielmoon,1,Can some one help me out. Which platform do j use for small investments? I'm from the UK if that helps.,3
Karovex,PsionicLlama,1,Dude,2
sgj5788,drakonka,8,The delusion is so cringe at this point... [https://www.msn.com/en-us/money/companies/how-the-rich-got-richer-reddit-trading-frenzy-benefited-wall-street-elite/ar-BB1dvfI7](https://www.msn.com/en-us/money/companies/how-the-rich-got-richer-reddit-trading-frenzy-benefited-wall-street-elite/ar-BB1dvfI7),1
Michael12390,GuardianFinances,1,Tell me what to do,2
faisall1,fr-_-mage,8,"Yeah and I was busy at work, that day I had 1100% gain, but couldnt sell. Now Im only at 200% on my leaps",1
GwynethPaltrowsHead,Green_Lantern_4vr,1,Youre a good person,4
DaveyJohnsonsGhost,smallfeetpet5,0,Gotta put your money where your mouth is! Whats your take? 10 shares?,1
XRed_KryptoniteX,LalafellRulez,6,"&gt; Trading 212

You cant open an account with T212 for the past month",2
dumbledoreRothIRA,flyrom,4,"
¬† Warning: Retard detected ¬†",1
eefmu,zhwedyyt,1,how can you expect anyone to care about all these words if you wont put any real money on your position,1
jcal1290,Special-Bite,33,"So, if you want to buy 100 shares of stock ABC at $100 then it'll cost you $10,000. If you buy an option of stock ABC for $110 strike price (+ $4.50 premium) then it's only $450. If the value of stock ABC goes past the strike of $114.50  then naturally the price of the option will increase as well. 

In short, you'll make more money off of a smaller investment.",4
Realchilldyl,benjammin9292,82,Bro your dad is gonna be pissed,1
nosehairshaver,TarsCase,12,We need more good BB news so I can buy in cheaper to average down.,2
OPINION_IS_UNPOPULAR,C141Clay,13,Pictures of tits or ban.,1
poop_shute_trader,Zakn,1,"I will say this as someone with Family in Austin. Pops is looking into putting in a Backup Generation system. It's around a 10k buy and he was like fuck this ever happening again. 
We had friends in Houston that lost power during all the Hurricane shit, and they had a system installed a few years back. 

Do not underestimate a pop that Generac might pull. You have millions of Texans that are willing and able to drop 10-15k for home backups.",4
eblozavr322,eblozavr322,8,"&gt; means people were leaving the company

They literally made a CTO position and hired a new guy from AWS",1
310austin,The_Neon_Ninja,2,It hurt my brain.,2
EffingDankrupt,TheDr3amXD,3,these brokerage apps be like gotcha games,1
TheRealNobodyAtAll,Lemetroll,4,Looks like he sold naked calls for GME and AMC before they mooned two weeks ago.,3
Diacry,Flying_madman,2,"Hindsight bias and protection. Sure, you know *now* that TSLA went to the moon, but how many other stonks *never recovered, ever*. Ask bagholders of any one of hundreds of similar stories how refusing to participate in the market worked out for them in the long run. You're assuming that your meme stock is going to pull a TSLA, when in all probability it's going to pull a SEARS.

Can I interest you in some Tulips?",1
MotorizedDoucheCanoe,aeywaka,57,"Melvin: I eat pieces of shit like you for breakfast.

DFV: You eat pieces of shit for breakfast?",1
rasijaniaz,rasijaniaz,0,"theres this thing called delusion. all these people holding at $50 range is delusions of grandeur with the stock going to 5000. the stock will bleed down to $20-$30. if its still at $50 by march earnings call the fact that fundamentally it will show its a sub $50 will fuck it in the ass. if its $20 it will rise due to beating earnings estimates.

I say this as someone who will throw 100k in at $20 for 3 years",1
mastertolboll,king-of-caterpillars,47,"The data later today is pointless for a couple reasons:

1) the data lags 2 weeks
2) we wont know how many shorts are old vs new 
3) they can use options trading to manipulate the rate, which the sec sent a memo out on back in 2013 as an area of concern 
4) they are financially motivated to fudge numbers as the fine is nothing compared to a worst case scenario (and funds have fudged numbers in the past)

These reasons are why todays report doesnt matter",1
soggysloth,soggysloth,3,I don't think I can afford it tbh. I'd have to move some funds around that I don't really feel like touching for a while,2
yotta_T100,rasijaniaz,1,love the wordplay,4
psytokine_storm,ajahanonymous,3,Expensive underlying shares and high volatility.,1
jacored,nihilism_or_bust,4,"I dunno, looks like it worked =¬Å<√ºB",3
LeagueLonster,RefrigeratedTP,15,"Yeah, Im retarded. What were you expecting?",1
sneakerkid23,nosteppyonsneky,22,I dunno. This sounds like an emergency to me.,2
Blitzer1509,RedPanther1,1,Are you lost?,1
everettglovier,hellno_ahole,131,"Rick Sanchez, you son of a bitch, Im in.",4
gsbees,Squidlips413,2,"That's not how shorting works. It's not a one time fee, it's an ongoing cost. If C was happy with a one time payment of a fraction of the share's value, they would just sell the shares for the full amount. C making some weird deal to not recall shares doesn't make any sense, mostly because the way shares are borrowed is a lot more complicated than that.

Your entire scenario makes no sense and even if it did it wouldn't be related to GME",1
ThePantsThief,asaxton,2,"Commenting to check back later and see if its been removed.

I love you 3000, GME =≈Ω=‚Ç¨<",3
dp873,Sk33tshot,11,"Yeah, probably.",3
thabat,thabat,438,LOL For the record I have no plans to $ROPE ever.,2
MSlingerW,friendly_narcissist,2,I think youre the retarded one sir,1
EquallTrading,MadManMorbo,35,But more so your average goes down.,2
Notfinnchurchill,ReverseMoses,1,Devils lettuce is up,3
Jaha_Jaha,Otakufy,1,I personally think it'll slowly go back there again and might spike a few times seeing as a lot of people want to go to the movies again and its business model is in such a way that earnings are mostly predictable,4
circlesun22,warhawks,131,I hope the best for you. but damn.,3
logicalandwitty,SignalSalamander,1,"I have some feedback. Their ecommerce logistics are totally dependant on their taxi service(part of yandex go, basically same as uber). What they do is force drivers to deliver stuff, which leads to lower quality compared to competition(OZON is basically carbon copy of AMZN, even started from selling books). They want a piece of every pie, but the quality of services sucks. Except their high tech, if you want to get anywhere in CIS you use yandex, Google and Apple maps just don't do the job. Same with search engine. Want reliable info - use yandex. Even though google does ok job, but it just not as good for every day use in Russia. So long term it's a bet who will be Russian AMZN, and YNDX is serious competitor, but they could lose because literally every major market player in russia are trying to create their own Amazon like services.",2
Teraskikkeli,stupidimagehack,8,199.63% shorted per link. Holy hell?! What insane plane would lead anyone to do this?,1
MangoExternal,Landoperk,39,It's a congressional hearing. Politicians are literally asking the questions.,2
HodorNoMoreHodoring,obiwanjustblowme,2,"A lot of pump and dump potential with the new sub head count, and what's better to pump than penny stocks. Great short term upside and relatively low risk if you get in early, since the floor is low and most penny stocks can be long holds anyways. I just wonder what the effects of these micro-cap rallies will be on the market. I have a feeling the big guys in blue-chip must not like these valuations.",3
keenfeed,SAHDadWithDaughter,1,Congrats on having life changing money now.,4
Which_Stable4699,Jaric_Mondoran,46,wtf they lose this shit in the mail?,1
nickolasjt,Expensive_Star3664,175,Me too!!!!,4
EntropicTempest,ChemicalRascal,1,"I mean, yes, but actually no. You can work this shit out fairly accurately academically. Maybe not down to the cent, doesn't need to even be down to the dollar. But you can certainly get the first digit right.

A reasonable price is based on an estimate of a company's future profits. That's how stonks work. Yes, people disagree on estimates of future events, that's why a market exists in the first place. But you can sit down and do the fundamentals, and determine if a price of 70, 50, or 30 is ""reasonable"".

And 70 isn't. 50 isn't. The resulting market caps would take a _truly_ incredible change in GameStop's fortunes to justify. Yeah, it might happen, but that's like saying a car might drive through my bedroom window while I sleep, it's not something you plan for.

Black swan events like that, the sort of thing it would take for GME to be viable again, are not something any reasonable person builds into an estimate. They are, definitionally, not something anyone sees coming.",3
KRVROTMG,JoeBidenEatsButt,1,"Did this retard forget the motto? STONKS ONLY GO UP

Good stocks, not meme shit",1
DrUNC83,Hopefaithlove1982,2,I would recommend goldsilver.com. They are very reputable and Mike Maloneys mission to educate people (through his Hidden Secrets of Money series) is not only free but extremely professional and informative.,4
slyg,carl216,1,"And you must be new to this jungle cuz no TL,DR.  It goes at the top retard.",1
Go48memes,syntax_error25,8,The big fish always find ways to make regulations only hurt the little guy.,1
OverwatchNWeed,FredNasr,2,"Nah it's like you giving away your ticket because you looked out the window and saw rain and thought ""Fuck this it's going to be cancelled"".",1
New-Assumption,New-Assumption,1,33 bro but I like money,3
Glass_And_Trees,Koala_eiO,1,Smooth operation!,4
GhoulishMilk,TONewbies,6,What about liquid lumber?,2
Mattras7,KyFly1,3,Removed. Wanted to see this. Damn.,2
kawstacos,redmaniacs,5,"VTSAX did 20% over the last year. That is definitely not normal, but I'll take it.

Edit: 


|Time Period | Returns|
| -----------|-----------|
|1 yr| 20.68%|
|3-yr| 12.41%|
|5-yr| 16.70%|
|10-yr| 13.50%|
|All Time| 7.77%|",4
aFrinkOnYourDink,Low_Scratch_,1,This is not even a proper DD. What's hard to understand here?,1
AdjustedClimatology,TheBeardageddon,75,Can anyone explain why he wasnt reinstated?,2
Ripclawe,Cidolfas,1,Sell sell,2
DR_manhatter,Fentefr,2,Rip my sweet flower,2
keenfeed,Linkomies,16,"Always remember that the sun still shines. Next summer is closer day by day. Green lawns, nature walks and the birds start chirping. Some of the best things in life are free and nobody can take them away. And they come again next year.

Dinner with a friend, petting a dog, some things that have value that can't be measured, I hope you remember

God speed and clear skies",4
aiandi,LemonGod1234,9, PLTR PLTR PLTR PLTR PLTR PLTR PLTR PLTR PLTR PLTR PLTR PLTR PLTR PLTR PLTR PLTR PLTR PLTR PLTR PLTR PLTR PLTR PLTR PLTR PLTR PLTR PLTR PLTR PLTR PLTR PLTR PLTR PLTR PLTR PLTR PLTR PLTR PLTR PLTR PLTR PLTR PLTR PLTR PLTR PLTR PLTR PLTR PLTR PLTR PLTR PLTR PLTR PLTR PLTR PLTR PLTR =‚Ç¨ =‚Ç¨ =‚Ç¨ =‚Ç¨ =‚Ç¨ PLTR PLTR PLTR PLTR PLTR PLTR PLTR PLTR PLTR PLTR PLTR PLTR PLTR PLTR PLTR PLTR PLTR PLTR PLTR PLTR PLTR PLTR PLTR PLTR PLTR PLTR PLTR PLTR PLTR PLTR PLTR PLTR PLTR PLTR PLTR PLTR PLTR PLTR PLTR PLTR PLTR PLTR PLTR PLTR PLTR PLTR PLTR PLTR PLTR PLTR PLTR PLTR PLTR PLTR PLTR PLTR,3
Fix-it-in-post,FiveCardArmy4EVA,3,"this has been a massive losing position for the shorts so far, lets not get it twisted",1
StarGaurdianBard,planetdaily420,0,Holy crap thats good stuff. So are you buying tomorrow or nah?,4
PickleFricker,rhetorical_twix,24,"Too many bizarre emo GME posts in this sub. Ban.

&gt; This is not financial advice

Really? No shit.",2
pdwp90,shadowofashadow,1,Where's $COCK?,3
Tower_Climber,yoyoyoyoyoyoyoyoyook,-10,"In short, what does PLTR do and why should I invest in them and not a competitor?",3
ChillOUT_LoFi,reaver_revolver,167,I had no idea that it was around for so long!,4
RaiseYourLenny,theforester000,3,ouch. Hopefully not too much in terms of total purchase though.,1
coolbeanzguy123,coolbeanzguy123,165,"Thank god, me and my accountant are saved",3
spartan6222,J4nk,5,"Tbf, that's kinda how you build an app. Start with the core, most-used features and expand from there",3
Diligent-Charge-4910,SnooCupcakes9188,1,It kinda looks like hes being interviewed by sam from LOTR,3
slash_sin_,theloniousmccoy,1,Trilling af.,3
MIA4real,noahwellz,2,"It's ""diamond hands""... Not ""hand diamond hand""",2
happyman91,NotYoAverageChosen1,-2,"Yup, especially when its hedge funds that lost...I tried telling him last month to not post anymore. I saw this shit coming miles away.",1
whoayourjets,UAVfiend,10,Lol you clearly have never smoked BC kush,1
xCastieL007,mcoclegendary,-7,Agree thats super bearish,2
Walk_About7,Walk_About7,15,"If SpaceX goes public, I will drop everything and go all in on that. For now, I will suck on Woods' teats for my space play.",2
SittingDuckNZ,jacquechristman,1,yeehaw = real sad cowboy hours,1
snx41,revolution-times,2,Omg that is friggin hill-larry-us! GME to the moon!,4
Jawhun,WillBreev4F00D,3,Webull covers the transfer fee if you have more than $2000 in your account,3
kawstacos,SamfromRI,4,"Youre god damned right, we are! =‚Ç¨",3
Skillshot,WalrusPete,2,Gay bacon strips,3
misterYOLOdolo,ever_onward,0,Best song of 2021 so far,4
NrdRage,kylefin559,1,Think Ill throw 3k in Im not rich,2
ElbowMagnet,Thumpblog,2,Whats the ticker? Im in! This is a game stop.,4
AutoModerator,four1six_,2,Lmao I was wondering when we'd get a good one using that template,3
isableandaking,Kylestache,3,Money can be exchanged for goods and services.,3
TheGeffez,ocular-pat-down,2,Been holding since $11 with two 3/16 calls for $10. A couple weeks ago I was up and happy as fuck so just hoping we shoot back up soon.,3
jaymancini,liquornhoes,5,this is fucking gold sir !!#@!$%,4
jagerade,CrazyAlbinoTucan,-3,Pepsi is a buy because FUCK COKE and thier anti-white agenda.,1
Stylux,DamagingSyntax,4,Don't you actually have to make profit for financial crimes?,2
WoooooG,DucksNowhere,1,Tis but a scratch!,4
GarnByte,bazyli-d,174,"Can't without u/zjz sorry >7B",2
worldseye,tickeram,1,All in Pfizer I see,3
pfree921,bisnexu,2,You didn't you wait untill block up period is over?,2
OPINION_IS_UNPOPULAR,Mustbethedust003,2,Amen,4
